Site_ID,Site_Type,Site_Name,State,Latitude,Longitude,Lat_Long_Datum,Lat_Long_Source,Elevation_in_Meters,Elevation_Source,Degree_of_Development_Surrounding_Site,Landscape_Description,Proximity_to_Road,Proximity_to_Permanent_Water,Area_of_Site,Type_of_Forest_at_Site,Presence_of_Slope,Location_Relative_to_Slope,Slope_Aspect,Presence_of_Domesticated_Cats,Presence_of_Domesticated_Dogs,Presence_of_Domesticated_Animals,Presence_of_Garden,Presence_of_Bird_Feeder,Presence_of_Nesting_Box,Presence_of_Fruit,Presence_of_Birdbath,Presence_of_Other_Features_Designed_to_Attract_Animals,Site_Comments,Site_Registration_Date
50,Personal,PPN_47343,CA,40.459999,-124.190002,WGS84,User,638,Auto-USGS-WebService,,,,,,,,,,,,,,,,,,,Plant Phenology Network station PPN_47343,
59,Personal,PPN_54444,CO,38.699001,-103.4216,WGS84,User,1515,Auto-USGS-WebService,,,,,,,,,,,,,,,,,,,Plant Phenology Network station PPN_54444,
62,Personal,PPN_56320,CO,38.38916,-108.950043,WGS84,,1657,Auto-USGS-WebService,Rural,"Landscaped area (such as vegetable or flower garden, lawn, arboretum)",1500 ft,150 ft,2 ac,A mixture of evergreen and deciduous trees,"Yes, and the site is...",In the middle of the slope,South,1,1,,1,1,,1,,,Plant Phenology Network station PPN_56320,
63,Personal,PPN_58690,CO,40.965267,-105.218773,WGS84,Google Maps,2136,User,Rural,Forest or woodland,,,,"Mostly evergreen trees (for example, pine or live oak)",,At the bottom of the slope or in a valley between slopes,Southeast,,,,,,,,,,Plant Phenology Network station PPN_58690,
65,Personal,PPN_65445,CT,41.972836,-73.220451,WGS84,Google Maps,400,Auto-USGS-WebService,Rural,"Landscaped area (such as vegetable or flower garden, lawn, arboretum)",50 ft,500 ft,0.25 ac,A mixture of evergreen and deciduous trees,"No, the surrounding terrain is relatively flat",,,,1,,1,,,,,,Plant Phenology Network station PPN_65445,
260,Personal,PPN_9050004,CO,39.900002,-104.699997,WGS84,User,1643,,,,,,,,,,,,,,,,,,,,Plant Phenology Network station PPN_9050004,
262,Personal,PPN_9050007,CO,40.200001,-105,WGS84,,1,User,,,,,,,,,,,,,,,,,,,Plant Phenology Network station PPN_9050007,
268,Personal,PPN_9050019,CO,39.845947,-105.402855,WGS84,User,2664,Auto-USGS-WebService,Urban,"Landscaped area (such as vegetable or flower garden, lawn, arboretum)",,,,,"No, the surrounding terrain is relatively flat",,,,,,,,,,,,Plant Phenology Network station PPN_9050019,
272,Personal,PPN_9050025,CO,39.299999,-108.900002,WGS84,User,1490,Auto-USGS-WebService,,,,,,,,,,,,,,,,,,,Plant Phenology Network station PPN_9050025,
279,Personal,PPN_9050035,CO,39.3531,-104.50486,WGS84,Google Maps,1994,Auto-USGS-WebService,,,,,,,,,,,,,,,,,,,Plant Phenology Network station PPN_9050035,
284,Personal,PPN_9050041,CO,40.447498,-104.686096,WGS84,User,1433,Auto-USGS-WebService,,,,,,,,,,,,,,,,,,,Plant Phenology Network station PPN_9050041,
287,Personal,PPN_9050044,CO,40.372601,-105.133003,WGS84,User,1549,Auto-USGS-WebService,,,,,,,,,,,,,,,,,,,Plant Phenology Network station PPN_9050044,
294,Personal,PPN_9050053,CO,39.6791,-104.417198,WGS84,User,1732,Auto-USGS-WebService,,,,,,,,,,,,,,,,,,,Plant Phenology Network station PPN_9050053,
297,Personal,PPN_9050060,CO,39.566399,-107.350502,WGS84,User,1816,Auto-USGS-WebService,,,,,,,,,,,,,,,,,,,Plant Phenology Network station PPN_9050060,
303,Personal,PPN_9050067,CO,38.029099,-107.627502,WGS84,User,2359,,,,,,,,,,,,,,,,,,,,Plant Phenology Network station PPN_9050067,
308,Personal,PPN_9050073,CO,40.140701,-102.218803,WGS84,User,1126,Auto-USGS-WebService,,,,,,,,,,,,,,,,,,,Plant Phenology Network station PPN_9050073,
316,Personal,PPN_9060001,CT,41.764,-72.725998,WGS84,User,52,Auto-USGS-WebService,,,,,,,,,,,,,,,,,,,Plant Phenology Network station PPN_9060001,
694,Personal,PPN_9050028,CO,39.720402,-104.917397,WGS84,User,1643,,,,,,,,,,,,,,,,,,,,Plant Phenology Network station PPN_9050028,
703,Personal,PPN_9050020,CO,37.576965,-106.100365,WGS84,,2335,User,Rural,"Landscaped area (such as vegetable or flower garden, lawn, arboretum)",,,,"Mostly deciduous trees (for example, maple or larch)","No, the surrounding terrain is relatively flat",,,,,,,,,,,,Plant Phenology Network station PPN_9050020,
2244,Personal,PPN_52446,CO,38.476704,-102.780426,,Google Maps,1284,Auto-USGS-WebService,,,,,,,,,,,,,,,,,,,,
13688,Personal,lilac_data_20309,AZ,31.9,-110.269997,WGS84,,1125,legacy lilac data from MS,,,,,,,,,,,,,,,,,,,Western Generated Lilac Station,
13689,Personal,lilac_data_20958,AZ,32.330002,-109.480003,WGS84,,1145,legacy lilac data from MS,,,,,,,,,,,,,,,,,,,Western Generated Lilac Station,
13690,Personal,lilac_data_21101,AZ,35.27,-111.529999,WGS84,,2073,legacy lilac data from MS,,,,,,,,,,,,,,,,,,,Western Generated Lilac Station,
13691,Personal,lilac_data_21614,AZ,34.349998,-111.699997,WGS84,,808,legacy lilac data from MS,,,,,,,,,,,,,,,,,,,Western Generated Lilac Station,
13692,Personal,lilac_data_21634,AZ,36.150002,-109.529999,WGS84,,1688,legacy lilac data from MS,,,,,,,,,,,,,,,,,,,Western Generated Lilac Station,
13693,Personal,lilac_data_21749,AZ,34.049999,-110.449997,WGS84,,1616,legacy lilac data from MS,,,,,,,,,,,,,,,,,,,Western Generated Lilac Station,
13694,Personal,lilac_data_21870,AZ,32.07,-109.900002,WGS84,,1287,legacy lilac data from MS,,,,,,,,,,,,,,,,,,,Western Generated Lilac Station,
13696,Personal,lilac_data_22669,AZ,31.35,-109.580002,WGS84,,1211,legacy lilac data from MS,,,,,,,,,,,,,,,,,,,Western Generated Lilac Station,
13697,Personal,lilac_data_22754,AZ,32.73,-109.099998,WGS84,,1110,legacy lilac data from MS,,,,,,,,,,,,,,,,,,,Western Generated Lilac Station,
13698,Personal,lilac_data_22779,AZ,33.400002,-109.480003,WGS84,,1555,legacy lilac data from MS,,,,,,,,,,,,,,,,,,,Western Generated Lilac Station,
13699,Personal,lilac_data_22781,AZ,33.349998,-109.480003,WGS84,,1485,legacy lilac data from MS,,,,,,,,,,,,,,,,,,,Western Generated Lilac Station,
13700,Personal,lilac_data_23250,AZ,36.950001,-112.529999,WGS84,,1524,legacy lilac data from MS,,,,,,,,,,,,,,,,,,,Western Generated Lilac Station,
13701,Personal,lilac_data_23498,AZ,33.380001,-110.779999,WGS84,,1079,legacy lilac data from MS,,,,,,,,,,,,,,,,,,,Western Generated Lilac Station,
13702,Personal,lilac_data_23663,AZ,35.73,-111.480003,WGS84,,1524,legacy lilac data from MS,,,,,,,,,,,,,,,,,,,Western Generated Lilac Station,
13703,Personal,lilac_data_23683,AZ,34.02,-109.449997,WGS84,,2582,legacy lilac data from MS,,,,,,,,,,,,,,,,,,,Western Generated Lilac Station,
13704,Personal,lilac_data_24327,AZ,35.330002,-111.650002,WGS84,,2110,legacy lilac data from MS,,,,,,,,,,,,,,,,,,,Western Generated Lilac Station,
13705,Personal,lilac_data_24508,AZ,34.970001,-111.75,WGS84,,1562,legacy lilac data from MS,,,,,,,,,,,,,,,,,,,Western Generated Lilac Station,
13706,Personal,lilac_data_24639,AZ,35.18,-114.050003,WGS84,,1020,legacy lilac data from MS,,,,,,,,,,,,,,,,,,,Western Generated Lilac Station,
13707,Personal,lilac_data_25921,AZ,31.35,-110.919998,WGS84,,1159,legacy lilac data from MS,,,,,,,,,,,,,,,,,,,Western Generated Lilac Station,
13708,Personal,lilac_data_26119,AZ,32.57,-110.720001,WGS84,,1332,legacy lilac data from MS,,,,,,,,,,,,,,,,,,,Western Generated Lilac Station,
13709,Personal,lilac_data_26320,AZ,34.23,-111.330002,WGS84,,1478,legacy lilac data from MS,,,,,,,,,,,,,,,,,,,Western Generated Lilac Station,
13710,Personal,lilac_data_26353,AZ,31.9,-109.82,WGS84,,1348,legacy lilac data from MS,,,,,,,,,,,,,,,,,,,Western Generated Lilac Station,
13711,Personal,lilac_data_26561,AZ,33.349998,-111,WGS84,,1378,legacy lilac data from MS,,,,,,,,,,,,,,,,,,,Western Generated Lilac Station,
13712,Personal,lilac_data_26597,AZ,34.119999,-109.93,WGS84,,2195,legacy lilac data from MS,,,,,,,,,,,,,,,,,,,Western Generated Lilac Station,
13713,Personal,lilac_data_26616,AZ,36.869999,-112.730003,WGS84,,1500,legacy lilac data from MS,,,,,,,,,,,,,,,,,,,Western Generated Lilac Station,
13714,Personal,lilac_data_26801,AZ,34.650002,-112.43,WGS84,,1616,legacy lilac data from MS,,,,,,,,,,,,,,,,,,,Western Generated Lilac Station,
13715,Personal,lilac_data_27390,AZ,32.82,-109.68,WGS84,,901,legacy lilac data from MS,,,,,,,,,,,,,,,,,,,Western Generated Lilac Station,
13716,Personal,lilac_data_27445,AZ,31.85,-110,WGS84,,1582,legacy lilac data from MS,,,,,,,,,,,,,,,,,,,Western Generated Lilac Station,
13717,Personal,lilac_data_27475,AZ,33.349998,-110.449997,WGS84,,806,legacy lilac data from MS,,,,,,,,,,,,,,,,,,,Western Generated Lilac Station,
13718,Personal,lilac_data_27530,AZ,32.619999,-110.650002,WGS84,,1085,legacy lilac data from MS,,,,,,,,,,,,,,,,,,,Western Generated Lilac Station,
13719,Personal,lilac_data_27593,AZ,31.77,-110.849998,WGS84,,1311,legacy lilac data from MS,,,,,,,,,,,,,,,,,,,Western Generated Lilac Station,
13720,Personal,lilac_data_27716,AZ,35.32,-112.879997,WGS84,,1591,legacy lilac data from MS,,,,,,,,,,,,,,,,,,,Western Generated Lilac Station,
13721,Personal,lilac_data_27876,AZ,33.799999,-110.970001,WGS84,,1555,legacy lilac data from MS,,,,,,,,,,,,,,,,,,,Western Generated Lilac Station,
13722,Personal,lilac_data_28012,AZ,34.5,-110.080002,WGS84,,1716,legacy lilac data from MS,,,,,,,,,,,,,,,,,,,Western Generated Lilac Station,
13723,Personal,lilac_data_28184,AZ,34.169998,-112.730003,WGS84,,1061,legacy lilac data from MS,,,,,,,,,,,,,,,,,,,Western Generated Lilac Station,
13724,Personal,lilac_data_28499,AZ,33.380001,-111.970001,WGS84,,360,legacy lilac data from MS,,,,,,,,,,,,,,,,,,,Western Generated Lilac Station,
13725,Personal,lilac_data_28778,AZ,35.380001,-113.669998,WGS84,,1165,legacy lilac data from MS,,,,,,,,,,,,,,,,,,,Western Generated Lilac Station,
13726,Personal,lilac_data_28792,AZ,36.130001,-111.25,WGS84,,1505,legacy lilac data from MS,,,,,,,,,,,,,,,,,,,Western Generated Lilac Station,
13727,Personal,lilac_data_28810,AZ,32.279999,-111.029999,WGS84,,752,legacy lilac data from MS,,,,,,,,,,,,,,,,,,,Western Generated Lilac Station,
13728,Personal,lilac_data_29271,AZ,33.830002,-109.970001,WGS84,,1610,legacy lilac data from MS,,,,,,,,,,,,,,,,,,,Western Generated Lilac Station,
13729,Personal,lilac_data_29334,AZ,32.299999,-109.849998,WGS84,,1280,legacy lilac data from MS,,,,,,,,,,,,,,,,,,,Western Generated Lilac Station,
13730,Personal,lilac_data_29439,AZ,35.02,-110.730003,WGS84,,1488,legacy lilac data from MS,,,,,,,,,,,,,,,,,,,Western Generated Lilac Station,
13731,Personal,lilac_data_40014,CA,34.5,-118.279999,WGS84,,890,legacy lilac data from MS,,,,,,,,,,,,,,,,,,,Western Generated Lilac Station,
13732,Personal,lilac_data_40029,CA,41.200001,-120.949997,WGS84,,1278,legacy lilac data from MS,,,,,,,,,,,,,,,,,,,Western Generated Lilac Station,
13733,Personal,lilac_data_40088,CA,40.18,-123.599998,WGS84,,133,legacy lilac data from MS,,,,,,,,,,,,,,,,,,,Western Generated Lilac Station,
13734,Personal,lilac_data_40161,CA,41.48,-120.529999,WGS84,,1331,legacy lilac data from MS,,,,,,,,,,,,,,,,,,,Western Generated Lilac Station,
13735,Personal,lilac_data_40212,CA,38.580002,-122.43,WGS84,,553,legacy lilac data from MS,,,,,,,,,,,,,,,,,,,Western Generated Lilac Station,
13736,Personal,lilac_data_40383,CA,38.900002,-121.07,WGS84,,395,legacy lilac data from MS,,,,,,,,,,,,,,,,,,,Western Generated Lilac Station,
13737,Personal,lilac_data_40514,CA,32.68,-116.669998,WGS84,,495,legacy lilac data from MS,,,,,,,,,,,,,,,,,,,Western Generated Lilac Station,
13738,Personal,lilac_data_40738,CA,40.75,-123.25,WGS84,,388,legacy lilac data from MS,,,,,,,,,,,,,,,,,,,Western Generated Lilac Station,
13739,Personal,lilac_data_40779,CA,34.380001,-117.68,WGS84,,2091,legacy lilac data from MS,,,,,,,,,,,,,,,,,,,Western Generated Lilac Station,
13740,Personal,lilac_data_40931,CA,39.380001,-120.099998,WGS84,,1687,legacy lilac data from MS,,,,,,,,,,,,,,,,,,,Western Generated Lilac Station,
13741,Personal,lilac_data_41010,CA,32.669998,-116.300003,WGS84,,1098,legacy lilac data from MS,,,,,,,,,,,,,,,,,,,Western Generated Lilac Station,
13742,Personal,lilac_data_41018,CA,39.450001,-120.669998,WGS84,,1630,legacy lilac data from MS,,,,,,,,,,,,,,,,,,,Western Generated Lilac Station,
13743,Personal,lilac_data_41080,CA,40.529999,-123.82,WGS84,,625,legacy lilac data from MS,,,,,,,,,,,,,,,,,,,Western Generated Lilac Station,
13744,Personal,lilac_data_41112,CA,38.77,-122.150002,WGS84,,107,legacy lilac data from MS,,,,,,,,,,,,,,,,,,,Western Generated Lilac Station,
13745,Personal,lilac_data_41130,CA,39.68,-121.330002,WGS84,,1043,legacy lilac data from MS,,,,,,,,,,,,,,,,,,,Western Generated Lilac Station,
13746,Personal,lilac_data_41170,CA,36.77,-121.18,WGS84,,500,legacy lilac data from MS,,,,,,,,,,,,,,,,,,,Western Generated Lilac Station,
13747,Personal,lilac_data_41214,CA,40.880001,-121.669998,WGS84,,953,legacy lilac data from MS,,,,,,,,,,,,,,,,,,,Western Generated Lilac Station,
13748,Personal,lilac_data_41215,CA,40.799999,-123.470001,WGS84,,640,legacy lilac data from MS,,,,,,,,,,,,,,,,,,,Western Generated Lilac Station,
13749,Personal,lilac_data_41300,CA,35.869999,-118.68,WGS84,,948,legacy lilac data from MS,,,,,,,,,,,,,,,,,,,Western Generated Lilac Station,
13750,Personal,lilac_data_41428,CA,38.25,-120.849998,WGS84,,201,legacy lilac data from MS,,,,,,,,,,,,,,,,,,,Western Generated Lilac Station,
13751,Personal,lilac_data_41476,CA,41.450001,-120.870003,WGS84,,1315,legacy lilac data from MS,,,,,,,,,,,,,,,,,,,Western Generated Lilac Station,
13752,Personal,lilac_data_41614,CA,41.529999,-120.169998,WGS84,,1424,legacy lilac data from MS,,,,,,,,,,,,,,,,,,,Western Generated Lilac Station,
13753,Personal,lilac_data_41624,CA,39.779999,-121.669998,WGS84,,159,legacy lilac data from MS,,,,,,,,,,,,,,,,,,,Western Generated Lilac Station,
13754,Personal,lilac_data_41653,CA,39.48,-121.220001,WGS84,,780,legacy lilac data from MS,,,,,,,,,,,,,,,,,,,Western Generated Lilac Station,
13755,Personal,lilac_data_41700,CA,40.299999,-121.230003,WGS84,,1381,legacy lilac data from MS,,,,,,,,,,,,,,,,,,,Western Generated Lilac Station,
13756,Personal,lilac_data_41739,CA,36.900002,-121.599998,WGS84,,38,legacy lilac data from MS,,,,,,,,,,,,,,,,,,,Western Generated Lilac Station,
13757,Personal,lilac_data_41743,CA,35.68,-120.199997,WGS84,,602,legacy lilac data from MS,,,,,,,,,,,,,,,,,,,Western Generated Lilac Station,
13758,Personal,lilac_data_41754,CA,34.799999,-119.019997,WGS84,,1604,legacy lilac data from MS,,,,,,,,,,,,,,,,,,,Western Generated Lilac Station,
13759,Personal,lilac_data_41784,CA,38.419998,-121.529999,WGS84,,4,legacy lilac data from MS,,,,,,,,,,,,,,,,,,,Western Generated Lilac Station,
13760,Personal,lilac_data_41838,CA,38.77,-122.980003,WGS84,,98,legacy lilac data from MS,,,,,,,,,,,,,,,,,,,Western Generated Lilac Station,
13761,Personal,lilac_data_41896,CA,34.299999,-118.120003,WGS84,,1120,legacy lilac data from MS,,,,,,,,,,,,,,,,,,,Western Generated Lilac Station,
13762,Personal,lilac_data_41907,CA,40.400002,-122.129997,WGS84,,128,legacy lilac data from MS,,,,,,,,,,,,,,,,,,,Western Generated Lilac Station,
13763,Personal,lilac_data_41948,CA,39.200001,-122.019997,WGS84,,18,legacy lilac data from MS,,,,,,,,,,,,,,,,,,,Western Generated Lilac Station,
13764,Personal,lilac_data_41962,CA,37.970001,-121.980003,WGS84,,59,legacy lilac data from MS,,,,,,,,,,,,,,,,,,,Western Generated Lilac Station,
13765,Personal,lilac_data_42218,CA,39.830002,-123.470001,WGS84,,404,legacy lilac data from MS,,,,,,,,,,,,,,,,,,,Western Generated Lilac Station,
13766,Personal,lilac_data_42294,CA,38.529999,-121.769997,WGS84,,16,legacy lilac data from MS,,,,,,,,,,,,,,,,,,,Western Generated Lilac Station,
13767,Personal,lilac_data_42306,CA,41.220001,-121.379997,WGS84,,1113,legacy lilac data from MS,,,,,,,,,,,,,,,,,,,Western Generated Lilac Station,
13768,Personal,lilac_data_42406,CA,32.849998,-116.620003,WGS84,,1082,legacy lilac data from MS,,,,,,,,,,,,,,,,,,,Western Generated Lilac Station,
13769,Personal,lilac_data_42500,CA,39.57,-120.830002,WGS84,,883,legacy lilac data from MS,,,,,,,,,,,,,,,,,,,Western Generated Lilac Station,
13770,Personal,lilac_data_42506,CA,39.950001,-120.080002,WGS84,,1337,legacy lilac data from MS,,,,,,,,,,,,,,,,,,,Western Generated Lilac Station,
13771,Personal,lilac_data_42539,CA,37.75,-120.099998,WGS84,,915,legacy lilac data from MS,,,,,,,,,,,,,,,,,,,Western Generated Lilac Station,
13772,Personal,lilac_data_42568,CA,38.880001,-121.970001,WGS84,,21,legacy lilac data from MS,,,,,,,,,,,,,,,,,,,Western Generated Lilac Station,
13773,Personal,lilac_data_42572,CA,41.220001,-122.269997,WGS84,,738,legacy lilac data from MS,,,,,,,,,,,,,,,,,,,Western Generated Lilac Station,
13774,Personal,lilac_data_42580,CA,38.200001,-122.300003,WGS84,,6,legacy lilac data from MS,,,,,,,,,,,,,,,,,,,Western Generated Lilac Station,
13775,Personal,lilac_data_42728,CA,38.330002,-120.669998,WGS84,,218,legacy lilac data from MS,,,,,,,,,,,,,,,,,,,Western Generated Lilac Station,
13776,Personal,lilac_data_42735,CA,34.599998,-118.57,WGS84,,633,legacy lilac data from MS,,,,,,,,,,,,,,,,,,,Western Generated Lilac Station,
13778,Personal,lilac_data_42899,CA,41.470001,-122.900002,WGS84,,899,legacy lilac data from MS,,,,,,,,,,,,,,,,,,,Western Generated Lilac Station,
13779,Personal,lilac_data_42934,CA,38.25,-122.050003,WGS84,,6,legacy lilac data from MS,,,,,,,,,,,,,,,,,,,Western Generated Lilac Station,
13780,Personal,lilac_data_42941,CA,34.700001,-118.43,WGS84,,933,legacy lilac data from MS,,,,,,,,,,,,,,,,,,,Western Generated Lilac Station,
13781,Personal,lilac_data_42958,CA,33.349998,-117.25,WGS84,,165,legacy lilac data from MS,,,,,,,,,,,,,,,,,,,Western Generated Lilac Station,
13782,Personal,lilac_data_43038,CA,38.52,-120.699997,WGS84,,640,legacy lilac data from MS,,,,,,,,,,,,,,,,,,,Western Generated Lilac Station,
13783,Personal,lilac_data_43118,CA,34.18,-117.449997,WGS84,,601,legacy lilac data from MS,,,,,,,,,,,,,,,,,,,Western Generated Lilac Station,
13784,Personal,lilac_data_43130,CA,40.380001,-123.330002,WGS84,,713,legacy lilac data from MS,,,,,,,,,,,,,,,,,,,Western Generated Lilac Station,
13785,Personal,lilac_data_43134,CA,39.02,-120.830002,WGS84,,1026,legacy lilac data from MS,,,,,,,,,,,,,,,,,,,Western Generated Lilac Station,
13786,Personal,lilac_data_43173,CA,41.869999,-124.150002,WGS84,,14,legacy lilac data from MS,,,,,,,,,,,,,,,,,,,Western Generated Lilac Station,
13787,Personal,lilac_data_43176,CA,41.580002,-122.720001,WGS84,,1013,legacy lilac data from MS,,,,,,,,,,,,,,,,,,,Western Generated Lilac Station,
13788,Personal,lilac_data_43182,CA,41.599998,-122.849998,WGS84,,838,legacy lilac data from MS,,,,,,,,,,,,,,,,,,,Western Generated Lilac Station,
13789,Personal,lilac_data_43242,CA,40.700001,-122.629997,WGS84,,335,legacy lilac data from MS,,,,,,,,,,,,,,,,,,,Western Generated Lilac Station,
13790,Personal,lilac_data_43338,CA,38.830002,-120.849998,WGS84,,591,legacy lilac data from MS,,,,,,,,,,,,,,,,,,,Western Generated Lilac Station,
13791,Personal,lilac_data_43384,CA,38.919998,-120.779999,WGS84,,915,legacy lilac data from MS,,,,,,,,,,,,,,,,,,,Western Generated Lilac Station,
13792,Personal,lilac_data_43402,CA,34.52,-119.68,WGS84,,473,legacy lilac data from MS,,,,,,,,,,,,,,,,,,,Western Generated Lilac Station,
13793,Personal,lilac_data_43463,CA,35.720001,-118.699997,WGS84,,957,legacy lilac data from MS,,,,,,,,,,,,,,,,,,,Western Generated Lilac Station,
13794,Personal,lilac_data_43491,CA,39.169998,-120.870003,WGS84,,988,legacy lilac data from MS,,,,,,,,,,,,,,,,,,,Western Generated Lilac Station,
13795,Personal,lilac_data_43669,CA,37.830002,-120.230003,WGS84,,861,legacy lilac data from MS,,,,,,,,,,,,,,,,,,,Western Generated Lilac Station,
13796,Personal,lilac_data_43672,CA,37.82,-120.099998,WGS84,,956,legacy lilac data from MS,,,,,,,,,,,,,,,,,,,Western Generated Lilac Station,
13797,Personal,lilac_data_43710,CA,36.130001,-117.949997,WGS84,,1166,legacy lilac data from MS,,,,,,,,,,,,,,,,,,,Western Generated Lilac Station,
13798,Personal,lilac_data_43761,CA,41.799999,-123.379997,WGS84,,331,legacy lilac data from MS,,,,,,,,,,,,,,,,,,,Western Generated Lilac Station,
13799,Personal,lilac_data_43791,CA,40.369999,-122.970001,WGS84,,826,legacy lilac data from MS,,,,,,,,,,,,,,,,,,,Western Generated Lilac Station,
13800,Personal,lilac_data_43800,CA,39.23,-121.269997,WGS84,,177,legacy lilac data from MS,,,,,,,,,,,,,,,,,,,Western Generated Lilac Station,
13801,Personal,lilac_data_43821,CA,40.799999,-121.5,WGS84,,1021,legacy lilac data from MS,,,,,,,,,,,,,,,,,,,Western Generated Lilac Station,
13802,Personal,lilac_data_43824,CA,40.93,-121.550003,WGS84,,919,legacy lilac data from MS,,,,,,,,,,,,,,,,,,,Western Generated Lilac Station,
13803,Personal,lilac_data_43859,CA,40.549999,-123.169998,WGS84,,715,legacy lilac data from MS,,,,,,,,,,,,,,,,,,,Western Generated Lilac Station,
13804,Personal,lilac_data_43875,CA,38.619999,-122.870003,WGS84,,31,legacy lilac data from MS,,,,,,,,,,,,,,,,,,,Western Generated Lilac Station,
13805,Personal,lilac_data_43925,CA,36.400002,-120.830002,WGS84,,659,legacy lilac data from MS,,,,,,,,,,,,,,,,,,,Western Generated Lilac Station,
13806,Personal,lilac_data_43928,CA,36.299999,-120.699997,WGS84,,843,legacy lilac data from MS,,,,,,,,,,,,,,,,,,,Western Generated Lilac Station,
13807,Personal,lilac_data_44082,CA,41.049999,-123.669998,WGS84,,107,legacy lilac data from MS,,,,,,,,,,,,,,,,,,,Western Generated Lilac Station,
13808,Personal,lilac_data_44097,CA,39.02,-123,WGS84,,765,legacy lilac data from MS,,,,,,,,,,,,,,,,,,,Western Generated Lilac Station,
13809,Personal,lilac_data_44144,CA,35.099998,-120.379997,WGS84,,218,legacy lilac data from MS,,,,,,,,,,,,,,,,,,,Western Generated Lilac Station,
13810,Personal,lilac_data_44191,CA,40.619999,-123.449997,WGS84,,384,legacy lilac data from MS,,,,,,,,,,,,,,,,,,,Western Generated Lilac Station,
13811,Personal,lilac_data_44208,CA,38.700001,-121.129997,WGS84,,42,legacy lilac data from MS,,,,,,,,,,,,,,,,,,,Western Generated Lilac Station,
13812,Personal,lilac_data_44232,CA,36.799999,-118.199997,WGS84,,1155,legacy lilac data from MS,,,,,,,,,,,,,,,,,,,Western Generated Lilac Station,
13813,Personal,lilac_data_44405,CA,34.150002,-116.32,WGS84,,848,legacy lilac data from MS,,,,,,,,,,,,,,,,,,,Western Generated Lilac Station,
13814,Personal,lilac_data_44418,CA,33.099998,-116.650002,WGS84,,1114,legacy lilac data from MS,,,,,,,,,,,,,,,,,,,Western Generated Lilac Station,
13815,Personal,lilac_data_44518,CA,35.950001,-118.480003,WGS84,,1113,legacy lilac data from MS,,,,,,,,,,,,,,,,,,,Western Generated Lilac Station,
13816,Personal,lilac_data_44536,CA,36.07,-120.080002,WGS84,,155,legacy lilac data from MS,,,,,,,,,,,,,,,,,,,Western Generated Lilac Station,
13817,Personal,lilac_data_44587,CA,40.630001,-123.900002,WGS84,,718,legacy lilac data from MS,,,,,,,,,,,,,,,,,,,Western Generated Lilac Station,
13818,Personal,lilac_data_44660,CA,37.32,-122.269997,WGS84,,204,legacy lilac data from MS,,,,,,,,,,,,,,,,,,,Western Generated Lilac Station,
13819,Personal,lilac_data_44690,CA,40.02,-123.400002,WGS84,,966,legacy lilac data from MS,,,,,,,,,,,,,,,,,,,Western Generated Lilac Station,
13820,Personal,lilac_data_44703,CA,39.029999,-122.919998,WGS84,,413,legacy lilac data from MS,,,,,,,,,,,,,,,,,,,Western Generated Lilac Station,
13821,Personal,lilac_data_44812,CA,39.68,-121.480003,WGS84,,154,legacy lilac data from MS,,,,,,,,,,,,,,,,,,,Western Generated Lilac Station,
13822,Personal,lilac_data_44851,CA,39.700001,-123.480003,WGS84,,500,legacy lilac data from MS,,,,,,,,,,,,,,,,,,,Western Generated Lilac Station,
13823,Personal,lilac_data_44886,CA,38.599998,-121.019997,WGS84,,183,legacy lilac data from MS,,,,,,,,,,,,,,,,,,,Western Generated Lilac Station,
13824,Personal,lilac_data_44890,CA,36.380001,-119.029999,WGS84,,156,legacy lilac data from MS,,,,,,,,,,,,,,,,,,,Western Generated Lilac Station,
13825,Personal,lilac_data_45002,CA,34.470001,-117.75,WGS84,,869,legacy lilac data from MS,,,,,,,,,,,,,,,,,,,Western Generated Lilac Station,
13826,Personal,lilac_data_45017,CA,35.970001,-121.080002,WGS84,,337,legacy lilac data from MS,,,,,,,,,,,,,,,,,,,Western Generated Lilac Station,
13827,Personal,lilac_data_45032,CA,38.119999,-121.279999,WGS84,,15,legacy lilac data from MS,,,,,,,,,,,,,,,,,,,Western Generated Lilac Station,
13828,Personal,lilac_data_45067,CA,36.43,-118.050003,WGS84,,1204,legacy lilac data from MS,,,,,,,,,,,,,,,,,,,Western Generated Lilac Station,
13829,Personal,lilac_data_45107,CA,34.75,-120.279999,WGS84,,172,legacy lilac data from MS,,,,,,,,,,,,,,,,,,,Western Generated Lilac Station,
13830,Personal,lilac_data_45118,CA,37.049999,-120.849998,WGS84,,38,legacy lilac data from MS,,,,,,,,,,,,,,,,,,,Western Generated Lilac Station,
13831,Personal,lilac_data_45147,CA,34.549999,-119.779999,WGS84,,305,legacy lilac data from MS,,,,,,,,,,,,,,,,,,,Western Generated Lilac Station,
13832,Personal,lilac_data_45258,CA,38.849998,-122.779999,WGS84,,726,legacy lilac data from MS,,,,,,,,,,,,,,,,,,,Western Generated Lilac Station,
13833,Personal,lilac_data_45284,CA,37.619999,-119.029999,WGS84,,2098,legacy lilac data from MS,,,,,,,,,,,,,,,,,,,Western Generated Lilac Station,
13834,Personal,lilac_data_45346,CA,37.48,-119.970001,WGS84,,613,legacy lilac data from MS,,,,,,,,,,,,,,,,,,,Western Generated Lilac Station,
13835,Personal,lilac_data_45371,CA,37.970001,-122.129997,WGS84,,69,legacy lilac data from MS,,,,,,,,,,,,,,,,,,,Western Generated Lilac Station,
13836,Personal,lilac_data_45535,CA,37.32,-120.480003,WGS84,,51,legacy lilac data from MS,,,,,,,,,,,,,,,,,,,Western Generated Lilac Station,
13837,Personal,lilac_data_45598,CA,38.75,-122.620003,WGS84,,342,legacy lilac data from MS,,,,,,,,,,,,,,,,,,,Western Generated Lilac Station,
13838,Personal,lilac_data_45623,CA,40.130001,-120.349998,WGS84,,1482,legacy lilac data from MS,,,,,,,,,,,,,,,,,,,Western Generated Lilac Station,
13839,Personal,lilac_data_45629,CA,34.080002,-117.029999,WGS84,,904,legacy lilac data from MS,,,,,,,,,,,,,,,,,,,Western Generated Lilac Station,
13840,Personal,lilac_data_45823,CA,34.279999,-118.879997,WGS84,,159,legacy lilac data from MS,,,,,,,,,,,,,,,,,,,Western Generated Lilac Station,
13841,Personal,lilac_data_45909,CA,38.75,-120.669998,WGS84,,1039,legacy lilac data from MS,,,,,,,,,,,,,,,,,,,Western Generated Lilac Station,
13842,Personal,lilac_data_45941,CA,41.779999,-122,WGS84,,1296,legacy lilac data from MS,,,,,,,,,,,,,,,,,,,Western Generated Lilac Station,
13843,Personal,lilac_data_46122,CA,34.799999,-118.580002,WGS84,,880,legacy lilac data from MS,,,,,,,,,,,,,,,,,,,Western Generated Lilac Station,
13844,Personal,lilac_data_46252,CA,37.23,-119.5,WGS84,,802,legacy lilac data from MS,,,,,,,,,,,,,,,,,,,Western Generated Lilac Station,
13845,Personal,lilac_data_46328,CA,41.830002,-122.849998,WGS84,,598,legacy lilac data from MS,,,,,,,,,,,,,,,,,,,Western Generated Lilac Station,
13846,Personal,lilac_data_46525,CA,39.52,-121.57,WGS84,,50,legacy lilac data from MS,,,,,,,,,,,,,,,,,,,Western Generated Lilac Station,
13847,Personal,lilac_data_46597,CA,38.75,-120.5,WGS84,,1049,legacy lilac data from MS,,,,,,,,,,,,,,,,,,,Western Generated Lilac Station,
13848,Personal,lilac_data_46610,CA,36.73,-121.370003,WGS84,,280,legacy lilac data from MS,,,,,,,,,,,,,,,,,,,Western Generated Lilac Station,
13849,Personal,lilac_data_46657,CA,33.349998,-116.849998,WGS84,,1695,legacy lilac data from MS,,,,,,,,,,,,,,,,,,,Western Generated Lilac Station,
13850,Personal,lilac_data_46675,CA,36.599998,-120.870003,WGS84,,402,legacy lilac data from MS,,,,,,,,,,,,,,,,,,,Western Generated Lilac Station,
13851,Personal,lilac_data_46703,CA,35.880001,-120.43,WGS84,,452,legacy lilac data from MS,,,,,,,,,,,,,,,,,,,Western Generated Lilac Station,
13852,Personal,lilac_data_46726,CA,39.880001,-122.529999,WGS84,,230,legacy lilac data from MS,,,,,,,,,,,,,,,,,,,Western Generated Lilac Station,
13853,Personal,lilac_data_46829,CA,38.25,-122.629997,WGS84,,9,legacy lilac data from MS,,,,,,,,,,,,,,,,,,,Western Generated Lilac Station,
13854,Personal,lilac_data_46891,CA,34.669998,-118.43,WGS84,,998,legacy lilac data from MS,,,,,,,,,,,,,,,,,,,Western Generated Lilac Station,
13855,Personal,lilac_data_46962,CA,38.73,-120.730003,WGS84,,840,legacy lilac data from MS,,,,,,,,,,,,,,,,,,,Western Generated Lilac Station,
13856,Personal,lilac_data_46998,CA,39.75,-120.699997,WGS84,,1575,legacy lilac data from MS,,,,,,,,,,,,,,,,,,,Western Generated Lilac Station,
13857,Personal,lilac_data_47050,CA,34.07,-117.769997,WGS84,,261,legacy lilac data from MS,,,,,,,,,,,,,,,,,,,Western Generated Lilac Station,
13858,Personal,lilac_data_47077,CA,36.07,-119.019997,WGS84,,120,legacy lilac data from MS,,,,,,,,,,,,,,,,,,,Western Generated Lilac Station,
13859,Personal,lilac_data_47096,CA,35.799999,-118.629997,WGS84,,1512,legacy lilac data from MS,,,,,,,,,,,,,,,,,,,Western Generated Lilac Station,
13860,Personal,lilac_data_47195,CA,39.93,-120.949997,WGS84,,1039,legacy lilac data from MS,,,,,,,,,,,,,,,,,,,Western Generated Lilac Station,
13861,Personal,lilac_data_47292,CA,40.150002,-122.25,WGS84,,104,legacy lilac data from MS,,,,,,,,,,,,,,,,,,,Western Generated Lilac Station,
13862,Personal,lilac_data_47473,CA,33.970001,-117.330002,WGS84,,319,legacy lilac data from MS,,,,,,,,,,,,,,,,,,,Western Generated Lilac Station,
13863,Personal,lilac_data_47516,CA,38.799999,-121.230003,WGS84,,73,legacy lilac data from MS,,,,,,,,,,,,,,,,,,,Western Generated Lilac Station,
13864,Personal,lilac_data_47643,CA,38.5,-122.470001,WGS84,,78,legacy lilac data from MS,,,,,,,,,,,,,,,,,,,Western Generated Lilac Station,
13865,Personal,lilac_data_47646,CA,38.5,-122.529999,WGS84,,546,legacy lilac data from MS,,,,,,,,,,,,,,,,,,,Western Generated Lilac Station,
13866,Personal,lilac_data_47681,CA,34.580002,-120.400002,WGS84,,76,legacy lilac data from MS,,,,,,,,,,,,,,,,,,,Western Generated Lilac Station,
13867,Personal,lilac_data_47689,CA,38.5,-120.220001,WGS84,,1128,legacy lilac data from MS,,,,,,,,,,,,,,,,,,,Western Generated Lilac Station,
13868,Personal,lilac_data_47719,CA,36.52,-121.080002,WGS84,,415,legacy lilac data from MS,,,,,,,,,,,,,,,,,,,Western Generated Lilac Station,
13869,Personal,lilac_data_47723,CA,34.130001,-117.099998,WGS84,,343,legacy lilac data from MS,,,,,,,,,,,,,,,,,,,Western Generated Lilac Station,
13870,Personal,lilac_data_47779,CA,34.200001,-117.870003,WGS84,,452,legacy lilac data from MS,,,,,,,,,,,,,,,,,,,Western Generated Lilac Station,
13871,Personal,lilac_data_47807,CA,37.299999,-122.370003,WGS84,,108,legacy lilac data from MS,,,,,,,,,,,,,,,,,,,Western Generated Lilac Station,
13872,Personal,lilac_data_47810,CA,33.779999,-116.970001,WGS84,,473,legacy lilac data from MS,,,,,,,,,,,,,,,,,,,Western Generated Lilac Station,
13873,Personal,lilac_data_47916,CA,36.98,-122.019997,WGS84,,38,legacy lilac data from MS,,,,,,,,,,,,,,,,,,,Western Generated Lilac Station,
13874,Personal,lilac_data_47965,CA,38.450001,-122.720001,WGS84,,51,legacy lilac data from MS,,,,,,,,,,,,,,,,,,,Western Generated Lilac Station,
13875,Personal,lilac_data_48014,CA,34.580002,-118.449997,WGS84,,642,legacy lilac data from MS,,,,,,,,,,,,,,,,,,,Western Generated Lilac Station,
13876,Personal,lilac_data_48025,CA,41.299999,-122.919998,WGS84,,661,legacy lilac data from MS,,,,,,,,,,,,,,,,,,,Western Generated Lilac Station,
13877,Personal,lilac_data_48068,CA,37.400002,-122.230003,WGS84,,107,legacy lilac data from MS,,,,,,,,,,,,,,,,,,,Western Generated Lilac Station,
13878,Personal,lilac_data_48135,CA,40.720001,-122.419998,WGS84,,216,legacy lilac data from MS,,,,,,,,,,,,,,,,,,,Western Generated Lilac Station,
13879,Personal,lilac_data_48218,CA,39.580002,-120.370003,WGS84,,1517,legacy lilac data from MS,,,,,,,,,,,,,,,,,,,Western Generated Lilac Station,
13880,Personal,lilac_data_48346,CA,41.380001,-123.480003,WGS84,,168,legacy lilac data from MS,,,,,,,,,,,,,,,,,,,Western Generated Lilac Station,
13881,Personal,lilac_data_48353,CA,37.98,-120.379997,WGS84,,558,legacy lilac data from MS,,,,,,,,,,,,,,,,,,,Western Generated Lilac Station,
13882,Personal,lilac_data_48446,CA,36.599998,-121.68,WGS84,,18,legacy lilac data from MS,,,,,,,,,,,,,,,,,,,Western Generated Lilac Station,
13883,Personal,lilac_data_48460,CA,36.130001,-118.800003,WGS84,,320,legacy lilac data from MS,,,,,,,,,,,,,,,,,,,Western Generated Lilac Station,
13884,Personal,lilac_data_48580,CA,39.380001,-122.550003,WGS84,,356,legacy lilac data from MS,,,,,,,,,,,,,,,,,,,Western Generated Lilac Station,
13885,Personal,lilac_data_48606,CA,39.57,-121.099998,WGS84,,1161,legacy lilac data from MS,,,,,,,,,,,,,,,,,,,Western Generated Lilac Station,
13886,Personal,lilac_data_48627,CA,35,-120.379997,WGS84,,119,legacy lilac data from MS,,,,,,,,,,,,,,,,,,,Western Generated Lilac Station,
13887,Personal,lilac_data_48702,CA,40.380001,-120.550003,WGS84,,1265,legacy lilac data from MS,,,,,,,,,,,,,,,,,,,Western Generated Lilac Station,
13888,Personal,lilac_data_48703,CA,40.43,-120.669998,WGS84,,1389,legacy lilac data from MS,,,,,,,,,,,,,,,,,,,Western Generated Lilac Station,
13889,Personal,lilac_data_48826,CA,35.130001,-118.449997,WGS84,,1212,legacy lilac data from MS,,,,,,,,,,,,,,,,,,,Western Generated Lilac Station,
13890,Personal,lilac_data_48997,CA,37.720001,-121.419998,WGS84,,32,legacy lilac data from MS,,,,,,,,,,,,,,,,,,,Western Generated Lilac Station,
13891,Personal,lilac_data_49053,CA,41.970001,-121.470001,WGS84,,1230,legacy lilac data from MS,,,,,,,,,,,,,,,,,,,Western Generated Lilac Station,
13892,Personal,lilac_data_49122,CA,39.150002,-123.199997,WGS84,,190,legacy lilac data from MS,,,,,,,,,,,,,,,,,,,Western Generated Lilac Station,
13893,Personal,lilac_data_49124,CA,39.130001,-123.269997,WGS84,,579,legacy lilac data from MS,,,,,,,,,,,,,,,,,,,Western Generated Lilac Station,
13894,Personal,lilac_data_49126,CA,39.150002,-123.269997,WGS84,,473,legacy lilac data from MS,,,,,,,,,,,,,,,,,,,Western Generated Lilac Station,
13895,Personal,lilac_data_49167,CA,39.18,-123.029999,WGS84,,465,legacy lilac data from MS,,,,,,,,,,,,,,,,,,,Western Generated Lilac Station,
13896,Personal,lilac_data_49325,CA,34.549999,-117.300003,WGS84,,884,legacy lilac data from MS,,,,,,,,,,,,,,,,,,,Western Generated Lilac Station,
13897,Personal,lilac_data_49351,CA,39.82,-120.18,WGS84,,1508,legacy lilac data from MS,,,,,,,,,,,,,,,,,,,Western Generated Lilac Station,
13898,Personal,lilac_data_49382,CA,38.98,-120.779999,WGS84,,926,legacy lilac data from MS,,,,,,,,,,,,,,,,,,,Western Generated Lilac Station,
13899,Personal,lilac_data_49386,CA,40.950001,-122.43,WGS84,,405,legacy lilac data from MS,,,,,,,,,,,,,,,,,,,Western Generated Lilac Station,
13900,Personal,lilac_data_49418,CA,38.18,-120.970001,WGS84,,65,legacy lilac data from MS,,,,,,,,,,,,,,,,,,,Western Generated Lilac Station,
13901,Personal,lilac_data_49512,CA,35.669998,-118.300003,WGS84,,817,legacy lilac data from MS,,,,,,,,,,,,,,,,,,,Western Generated Lilac Station,
13902,Personal,lilac_data_49583,CA,38.369999,-120.550003,WGS84,,732,legacy lilac data from MS,,,,,,,,,,,,,,,,,,,Western Generated Lilac Station,
13903,Personal,lilac_data_49615,CA,34.48,-119.300003,WGS84,,268,legacy lilac data from MS,,,,,,,,,,,,,,,,,,,Western Generated Lilac Station,
13904,Personal,lilac_data_49699,CA,39.529999,-122.199997,WGS84,,43,legacy lilac data from MS,,,,,,,,,,,,,,,,,,,Western Generated Lilac Station,
13905,Personal,lilac_data_49754,CA,35.720001,-118.449997,WGS84,,823,legacy lilac data from MS,,,,,,,,,,,,,,,,,,,Western Generated Lilac Station,
13906,Personal,lilac_data_49851,CA,38.919998,-123.269997,WGS84,,335,legacy lilac data from MS,,,,,,,,,,,,,,,,,,,Western Generated Lilac Station,
13907,Personal,lilac_data_49866,CA,41.720001,-122.629997,WGS84,,802,legacy lilac data from MS,,,,,,,,,,,,,,,,,,,Western Generated Lilac Station,
13908,Personal,lilac_data_50109,CO,40.169998,-103.150002,WGS84,,1390,legacy lilac data from MS,,,,,,,,,,,,,,,,,,,Western Generated Lilac Station,
13909,Personal,lilac_data_50214,CO,39.5,-108.379997,WGS84,,1735,legacy lilac data from MS,,,,,,,,,,,,,,,,,,,Western Generated Lilac Station,
13910,Personal,lilac_data_50304,CO,38.849998,-102.18,WGS84,,1223,legacy lilac data from MS,,,,,,,,,,,,,,,,,,,Western Generated Lilac Station,
13911,Personal,lilac_data_50348,CO,38.919998,-103.080002,WGS84,,1459,legacy lilac data from MS,,,,,,,,,,,,,,,,,,,Western Generated Lilac Station,
13912,Personal,lilac_data_50370,CO,39.18,-106.830002,WGS84,,2417,legacy lilac data from MS,,,,,,,,,,,,,,,,,,,Western Generated Lilac Station,
13913,Personal,lilac_data_50454,CO,39.400002,-105.480003,WGS84,,2358,legacy lilac data from MS,,,,,,,,,,,,,,,,,,,Western Generated Lilac Station,
13914,Personal,lilac_data_50514,CO,39.369999,-107.029999,WGS84,,2020,legacy lilac data from MS,,,,,,,,,,,,,,,,,,,Western Generated Lilac Station,
13915,Personal,lilac_data_50776,CO,37.43,-105.519997,WGS84,,2288,legacy lilac data from MS,,,,,,,,,,,,,,,,,,,Western Generated Lilac Station,
13916,Personal,lilac_data_50810,CO,39.880001,-106.699997,WGS84,,2043,legacy lilac data from MS,,,,,,,,,,,,,,,,,,,Western Generated Lilac Station,
13917,Personal,lilac_data_50834,CO,39.630001,-102.18,WGS84,,1143,legacy lilac data from MS,,,,,,,,,,,,,,,,,,,Western Generated Lilac Station,
13918,Personal,lilac_data_50945,CO,40.650002,-104.330002,WGS84,,1486,legacy lilac data from MS,,,,,,,,,,,,,,,,,,,Western Generated Lilac Station,
13919,Personal,lilac_data_51071,CO,38.849998,-106.129997,WGS84,,2378,legacy lilac data from MS,,,,,,,,,,,,,,,,,,,Western Generated Lilac Station,
13920,Personal,lilac_data_51179,CO,39.720001,-104.220001,WGS84,,1586,legacy lilac data from MS,,,,,,,,,,,,,,,,,,,Western Generated Lilac Station,
13922,Personal,lilac_data_51440,CO,38.900002,-107.93,WGS84,,1883,legacy lilac data from MS,,,,,,,,,,,,,,,,,,,Western Generated Lilac Station,
13923,Personal,lilac_data_51458,CO,37.75,-106.120003,WGS84,,2338,legacy lilac data from MS,,,,,,,,,,,,,,,,,,,Western Generated Lilac Station,
13924,Personal,lilac_data_51528,CO,39.220001,-105.279999,WGS84,,2096,legacy lilac data from MS,,,,,,,,,,,,,,,,,,,Western Generated Lilac Station,
13925,Personal,lilac_data_51564,CO,38.82,-102.349998,WGS84,,1309,legacy lilac data from MS,,,,,,,,,,,,,,,,,,,Western Generated Lilac Station,
13926,Personal,lilac_data_51693,CO,38.380001,-105.779999,WGS84,,1989,legacy lilac data from MS,,,,,,,,,,,,,,,,,,,Western Generated Lilac Station,
13927,Personal,lilac_data_51741,CO,39.25,-107.970001,WGS84,,1823,legacy lilac data from MS,,,,,,,,,,,,,,,,,,,Western Generated Lilac Station,
13928,Personal,lilac_data_51928,CO,40.52,-107.550003,WGS84,,1916,legacy lilac data from MS,,,,,,,,,,,,,,,,,,,Western Generated Lilac Station,
13929,Personal,lilac_data_52192,CO,38.75,-108.050003,WGS84,,1563,legacy lilac data from MS,,,,,,,,,,,,,,,,,,,Western Generated Lilac Station,
13930,Personal,lilac_data_52220,CO,39.77,-104.879997,WGS84,,1613,legacy lilac data from MS,,,,,,,,,,,,,,,,,,,Western Generated Lilac Station,
13931,Personal,lilac_data_52225,CO,39.75,-105,WGS84,,1592,legacy lilac data from MS,,,,,,,,,,,,,,,,,,,Western Generated Lilac Station,
13932,Personal,lilac_data_52312,CO,37.380001,-103.879997,WGS84,,1564,legacy lilac data from MS,,,,,,,,,,,,,,,,,,,Western Generated Lilac Station,
13933,Personal,lilac_data_52326,CO,37.470001,-108.5,WGS84,,2119,legacy lilac data from MS,,,,,,,,,,,,,,,,,,,Western Generated Lilac Station,
13934,Personal,lilac_data_52494,CO,39.080002,-104.57,WGS84,,2210,legacy lilac data from MS,,,,,,,,,,,,,,,,,,,Western Generated Lilac Station,
13935,Personal,lilac_data_52535,CO,40.119999,-102.480003,WGS84,,1189,legacy lilac data from MS,,,,,,,,,,,,,,,,,,,Western Generated Lilac Station,
13936,Personal,lilac_data_52600,CO,39.130001,-104.529999,WGS84,,2198,legacy lilac data from MS,,,,,,,,,,,,,,,,,,,Western Generated Lilac Station,
13937,Personal,lilac_data_52759,CO,40.380001,-105.519997,WGS84,,2294,legacy lilac data from MS,,,,,,,,,,,,,,,,,,,Western Generated Lilac Station,
13938,Personal,lilac_data_52932,CO,39.32,-103.080002,WGS84,,1517,legacy lilac data from MS,,,,,,,,,,,,,,,,,,,Western Generated Lilac Station,
13939,Personal,lilac_data_52997,CO,38.549999,-103.68,WGS84,,1445,legacy lilac data from MS,,,,,,,,,,,,,,,,,,,Western Generated Lilac Station,
13940,Personal,lilac_data_53027,CO,40.099998,-104.82,WGS84,,1490,legacy lilac data from MS,,,,,,,,,,,,,,,,,,,Western Generated Lilac Station,
13941,Personal,lilac_data_53038,CO,40.25,-103.800003,WGS84,,1317,legacy lilac data from MS,,,,,,,,,,,,,,,,,,,Western Generated Lilac Station,
13942,Personal,lilac_data_53146,CO,39.169998,-108.730003,WGS84,,1402,legacy lilac data from MS,,,,,,,,,,,,,,,,,,,Western Generated Lilac Station,
13943,Personal,lilac_data_53246,CO,38.669998,-108.980003,WGS84,,1391,legacy lilac data from MS,,,,,,,,,,,,,,,,,,,Western Generated Lilac Station,
13944,Personal,lilac_data_53258,CO,39.279999,-103.529999,WGS84,,1707,legacy lilac data from MS,,,,,,,,,,,,,,,,,,,Western Generated Lilac Station,
13945,Personal,lilac_data_53489,CO,39.049999,-108.449997,WGS84,,1451,legacy lilac data from MS,,,,,,,,,,,,,,,,,,,Western Generated Lilac Station,
13946,Personal,lilac_data_53579,CO,39.099998,-104.730003,WGS84,,2241,legacy lilac data from MS,,,,,,,,,,,,,,,,,,,Western Generated Lilac Station,
13947,Personal,lilac_data_53584,CO,39.23,-104.75,WGS84,,2050,legacy lilac data from MS,,,,,,,,,,,,,,,,,,,Western Generated Lilac Station,
13948,Personal,lilac_data_53592,CO,39.880001,-106.330002,WGS84,,2360,legacy lilac data from MS,,,,,,,,,,,,,,,,,,,Western Generated Lilac Station,
13949,Personal,lilac_data_53867,CO,40.48,-107.25,WGS84,,1944,legacy lilac data from MS,,,,,,,,,,,,,,,,,,,Western Generated Lilac Station,
13950,Personal,lilac_data_54076,CO,38.049999,-102.120003,WGS84,,1032,legacy lilac data from MS,,,,,,,,,,,,,,,,,,,Western Generated Lilac Station,
13951,Personal,lilac_data_54155,CO,40,-104.080002,WGS84,,1523,legacy lilac data from MS,,,,,,,,,,,,,,,,,,,Western Generated Lilac Station,
13952,Personal,lilac_data_54172,CO,39.130001,-103.470001,WGS84,,1535,legacy lilac data from MS,,,,,,,,,,,,,,,,,,,Western Generated Lilac Station,
13953,Personal,lilac_data_54388,CO,38.07,-102.93,WGS84,,1163,legacy lilac data from MS,,,,,,,,,,,,,,,,,,,Western Generated Lilac Station,
13954,Personal,lilac_data_54581,CO,39.349998,-104.480003,WGS84,,1936,legacy lilac data from MS,,,,,,,,,,,,,,,,,,,Western Generated Lilac Station,
13955,Personal,lilac_data_54603,CO,38.77,-102.779999,WGS84,,1306,legacy lilac data from MS,,,,,,,,,,,,,,,,,,,Western Generated Lilac Station,
13956,Personal,lilac_data_54945,CO,40.48,-103.019997,WGS84,,1338,legacy lilac data from MS,,,,,,,,,,,,,,,,,,,Western Generated Lilac Station,
13957,Personal,lilac_data_55017,CO,39.27,-103.699997,WGS84,,1634,legacy lilac data from MS,,,,,,,,,,,,,,,,,,,Western Generated Lilac Station,
13958,Personal,lilac_data_55020,CO,39,-103.730003,WGS84,,1662,legacy lilac data from MS,,,,,,,,,,,,,,,,,,,Western Generated Lilac Station,
13959,Personal,lilac_data_55048,CO,40,-108.199997,WGS84,,1890,legacy lilac data from MS,,,,,,,,,,,,,,,,,,,Western Generated Lilac Station,
13960,Personal,lilac_data_55116,CO,40.169998,-105.07,WGS84,,1509,legacy lilac data from MS,,,,,,,,,,,,,,,,,,,Western Generated Lilac Station,
13961,Personal,lilac_data_55531,CO,37.200001,-108.5,WGS84,,2123,legacy lilac data from MS,,,,,,,,,,,,,,,,,,,Western Generated Lilac Station,
13962,Personal,lilac_data_55695,CO,38.5,-106.330002,WGS84,,2927,legacy lilac data from MS,,,,,,,,,,,,,,,,,,,Western Generated Lilac Station,
13963,Personal,lilac_data_55706,CO,37.580002,-106.150002,WGS84,,2338,legacy lilac data from MS,,,,,,,,,,,,,,,,,,,Western Generated Lilac Station,
13964,Personal,lilac_data_55717,CO,38.48,-107.879997,WGS84,,1762,legacy lilac data from MS,,,,,,,,,,,,,,,,,,,Western Generated Lilac Station,
13965,Personal,lilac_data_55765,CO,39.650002,-105.230003,WGS84,,1829,legacy lilac data from MS,,,,,,,,,,,,,,,,,,,Western Generated Lilac Station,
13966,Personal,lilac_data_55805,CO,39.650002,-105.230003,WGS84,,1829,legacy lilac data from MS,,,,,,,,,,,,,,,,,,,Western Generated Lilac Station,
13967,Personal,lilac_data_55922,CO,40.599998,-103.849998,WGS84,,1458,legacy lilac data from MS,,,,,,,,,,,,,,,,,,,Western Generated Lilac Station,
13968,Personal,lilac_data_56192,CO,40.27,-102.849998,WGS84,,1300,legacy lilac data from MS,,,,,,,,,,,,,,,,,,,Western Generated Lilac Station,
13969,Personal,lilac_data_56280,CO,39.119999,-104.919998,WGS84,,2220,legacy lilac data from MS,,,,,,,,,,,,,,,,,,,Western Generated Lilac Station,
13970,Personal,lilac_data_56326,CO,39.529999,-104.650002,WGS84,,1921,legacy lilac data from MS,,,,,,,,,,,,,,,,,,,Western Generated Lilac Station,
13971,Personal,lilac_data_56559,CO,37.349998,-106.5,WGS84,,2337,legacy lilac data from MS,,,,,,,,,,,,,,,,,,,Western Generated Lilac Station,
13972,Personal,lilac_data_56763,CO,38.299999,-104.349998,WGS84,,1427,legacy lilac data from MS,,,,,,,,,,,,,,,,,,,Western Generated Lilac Station,
13973,Personal,lilac_data_57031,CO,39.529999,-107.800003,WGS84,,1646,legacy lilac data from MS,,,,,,,,,,,,,,,,,,,Western Generated Lilac Station,
13974,Personal,lilac_data_57167,CO,38.029999,-103.699997,WGS84,,1274,legacy lilac data from MS,,,,,,,,,,,,,,,,,,,Western Generated Lilac Station,
13975,Personal,lilac_data_57287,CO,38.880001,-104.099998,WGS84,,1768,legacy lilac data from MS,,,,,,,,,,,,,,,,,,,Western Generated Lilac Station,
13976,Personal,lilac_data_57337,CO,38.080002,-106.129997,WGS84,,2347,legacy lilac data from MS,,,,,,,,,,,,,,,,,,,Western Generated Lilac Station,
13977,Personal,lilac_data_57618,CO,39.57,-107.230003,WGS84,,1966,legacy lilac data from MS,,,,,,,,,,,,,,,,,,,Western Generated Lilac Station,
13978,Personal,lilac_data_57664,CO,39.150002,-104.080002,WGS84,,1845,legacy lilac data from MS,,,,,,,,,,,,,,,,,,,Western Generated Lilac Station,
13979,Personal,lilac_data_57866,CO,37.400002,-102.620003,WGS84,,1340,legacy lilac data from MS,,,,,,,,,,,,,,,,,,,Western Generated Lilac Station,
13980,Personal,lilac_data_57992,CO,37.279999,-102.18,WGS84,,1159,legacy lilac data from MS,,,,,,,,,,,,,,,,,,,Western Generated Lilac Station,
13981,Personal,lilac_data_58434,CO,37.25,-104.330002,WGS84,,1752,legacy lilac data from MS,,,,,,,,,,,,,,,,,,,Western Generated Lilac Station,
13982,Personal,lilac_data_58468,CO,37.130001,-103.32,WGS84,,1748,legacy lilac data from MS,,,,,,,,,,,,,,,,,,,Western Generated Lilac Station,
13983,Personal,lilac_data_58722,CO,39.299999,-102.730003,WGS84,,1372,legacy lilac data from MS,,,,,,,,,,,,,,,,,,,Western Generated Lilac Station,
13984,Personal,lilac_data_58839,CO,40.419998,-105.199997,WGS84,,1555,legacy lilac data from MS,,,,,,,,,,,,,,,,,,,Western Generated Lilac Station,
13985,Personal,lilac_data_58986,CO,38.220001,-105.080002,WGS84,,2005,legacy lilac data from MS,,,,,,,,,,,,,,,,,,,Western Generated Lilac Station,
13986,Personal,lilac_data_59045,CO,38.919998,-107.519997,WGS84,,1817,legacy lilac data from MS,,,,,,,,,,,,,,,,,,,Western Generated Lilac Station,
13987,Personal,lilac_data_59265,CO,40.150002,-106.900002,WGS84,,2406,legacy lilac data from MS,,,,,,,,,,,,,,,,,,,Western Generated Lilac Station,
13988,Personal,lilac_data_59295,CO,40.130001,-102.730003,WGS84,,1259,legacy lilac data from MS,,,,,,,,,,,,,,,,,,,Western Generated Lilac Station,
14257,Personal,lilac_data_295073,CO,37,-103.650002,WGS84,,1622,legacy lilac data from MS,,,,,,,,,,,,,,,,,,,Western Generated Lilac Station,
14621,Personal,lilac_data_60003,CT,41.470001,-72.519997,WGS84,,49,legacy lilac data from MS,,,,,,,,,,,,,,,,,,,Eastern Generated Lilac Station from MDS inherited station,
14622,Personal,lilac_data_60011,CT,41.369999,-73.370003,WGS84,,122,legacy lilac data from MS,,,,,,,,,,,,,,,,,,,Eastern Generated Lilac Station from MDS inherited station,
14623,Personal,lilac_data_61689,CT,41.799999,-72.349998,WGS84,,146,legacy lilac data from MS,,,,,,,,,,,,,,,,,,,Eastern Generated Lilac Station from USA COOP station,
14624,Personal,lilac_data_64488,CT,41.75,-72.18,WGS84,,76,legacy lilac data from MS,,,,,,,,,,,,,,,,,,,Eastern Generated Lilac Station from USA COOP station,
14625,Personal,lilac_data_65077,CT,41.400002,-72.900002,WGS84,,55,legacy lilac data from MS,,,,,,,,,,,,,,,,,,,Eastern Generated Lilac Station from USA COOP station,
14626,Personal,lilac_data_66942,CT,41.869999,-72.43,WGS84,,155,legacy lilac data from MS,,,,,,,,,,,,,,,,,,,Eastern Generated Lilac Station from USA COOP station,
14627,Personal,lilac_data_68138,CT,41.799999,-72.25,WGS84,,183,legacy lilac data from MS,,,,,,,,,,,,,,,,,,,Eastern Generated Lilac Station from USA COOP station,
14628,Personal,lilac_data_68330,CT,41.700001,-73.050003,WGS84,,168,legacy lilac data from MS,,,,,,,,,,,,,,,,,,,Eastern Generated Lilac Station from USA COOP station,
15443,Personal,honeysuckle_data_20307,AZ,33.470001,-111.580002,WGS84,,576,legacy honeysuckle data from MS,,,,,,,,,,,,,,,,,,,Western Generated Honeysuckle Station,
15444,Personal,honeysuckle_data_20380,AZ,31.58,-111.32,WGS84,,1120,legacy honeysuckle data from MS,,,,,,,,,,,,,,,,,,,Western Generated Honeysuckle Station,
15447,Personal,honeysuckle_data_20672,AZ,36.900002,-113.93,WGS84,,570,legacy honeysuckle data from MS,,,,,,,,,,,,,,,,,,,Western Generated Honeysuckle Station,
15448,Personal,honeysuckle_data_20690,AZ,32.299999,-110.379997,WGS84,,957,legacy honeysuckle data from MS,,,,,,,,,,,,,,,,,,,Western Generated Honeysuckle Station,
15449,Personal,honeysuckle_data_20750,AZ,36.68,-110.529999,WGS84,,2221,legacy honeysuckle data from MS,,,,,,,,,,,,,,,,,,,Western Generated Honeysuckle Station,
15450,Personal,honeysuckle_data_20855,AZ,33.619999,-109.099998,WGS84,,1756,legacy honeysuckle data from MS,,,,,,,,,,,,,,,,,,,Western Generated Honeysuckle Station,
15451,Personal,honeysuckle_data_21514,AZ,33.220001,-111.68,WGS84,,441,legacy honeysuckle data from MS,,,,,,,,,,,,,,,,,,,Western Generated Honeysuckle Station,
15453,Personal,honeysuckle_data_22140,AZ,31.35,-110.25,WGS84,,1598,legacy honeysuckle data from MS,,,,,,,,,,,,,,,,,,,Western Generated Honeysuckle Station,
15454,Personal,honeysuckle_data_22159,AZ,32.330002,-111.120003,WGS84,,692,legacy honeysuckle data from MS,,,,,,,,,,,,,,,,,,,Western Generated Honeysuckle Station,
15456,Personal,honeysuckle_data_22545,AZ,36.849998,-109.849998,WGS84,,1530,legacy honeysuckle data from MS,,,,,,,,,,,,,,,,,,,Western Generated Honeysuckle Station,
15459,Personal,honeysuckle_data_23150,AZ,33.02,-110,WGS84,,854,legacy honeysuckle data from MS,,,,,,,,,,,,,,,,,,,Western Generated Honeysuckle Station,
15460,Personal,honeysuckle_data_23160,AZ,35.27,-111.730003,WGS84,,2240,legacy honeysuckle data from MS,,,,,,,,,,,,,,,,,,,Western Generated Honeysuckle Station,
15462,Personal,honeysuckle_data_23635,AZ,33.200001,-109.379997,WGS84,,2118,legacy honeysuckle data from MS,,,,,,,,,,,,,,,,,,,Western Generated Honeysuckle Station,
15463,Personal,honeysuckle_data_23852,AZ,33.5,-113.07,WGS84,,384,legacy honeysuckle data from MS,,,,,,,,,,,,,,,,,,,Western Generated Honeysuckle Station,
15464,Personal,honeysuckle_data_24053,AZ,34.48,-112.879997,WGS84,,1012,legacy honeysuckle data from MS,,,,,,,,,,,,,,,,,,,Western Generated Honeysuckle Station,
15465,Personal,honeysuckle_data_24089,AZ,34.900002,-110.169998,WGS84,,1545,legacy honeysuckle data from MS,,,,,,,,,,,,,,,,,,,Western Generated Honeysuckle Station,
15466,Personal,honeysuckle_data_24307,AZ,34.32,-111.099998,WGS84,,1659,legacy honeysuckle data from MS,,,,,,,,,,,,,,,,,,,Western Generated Honeysuckle Station,
15467,Personal,honeysuckle_data_24453,AZ,34.75,-112.120003,WGS84,,1599,legacy honeysuckle data from MS,,,,,,,,,,,,,,,,,,,Western Generated Honeysuckle Station,
15471,Personal,honeysuckle_data_25412,AZ,34.07,-109.849998,WGS84,,2232,legacy honeysuckle data from MS,,,,,,,,,,,,,,,,,,,Western Generated Honeysuckle Station,
15472,Personal,honeysuckle_data_25908,AZ,32.119999,-110.68,WGS84,,915,legacy honeysuckle data from MS,,,,,,,,,,,,,,,,,,,Western Generated Honeysuckle Station,
15473,Personal,honeysuckle_data_26132,AZ,31.93,-112.779999,WGS84,,512,legacy honeysuckle data from MS,,,,,,,,,,,,,,,,,,,Western Generated Honeysuckle Station,
15474,Personal,honeysuckle_data_26250,AZ,34.169998,-114.279999,WGS84,,130,legacy honeysuckle data from MS,,,,,,,,,,,,,,,,,,,Western Generated Honeysuckle Station,
15476,Personal,honeysuckle_data_26716,AZ,31.879999,-109.199997,WGS84,,1643,legacy honeysuckle data from MS,,,,,,,,,,,,,,,,,,,Western Generated Honeysuckle Station,
15477,Personal,honeysuckle_data_27355,AZ,32.299999,-110.82,WGS84,,805,legacy honeysuckle data from MS,,,,,,,,,,,,,,,,,,,Western Generated Honeysuckle Station,
15478,Personal,honeysuckle_data_27600,AZ,32.32,-112.050003,WGS84,,558,legacy honeysuckle data from MS,,,,,,,,,,,,,,,,,,,Western Generated Honeysuckle Station,
15479,Personal,honeysuckle_data_27708,AZ,34.869999,-111.769997,WGS84,,1288,legacy honeysuckle data from MS,,,,,,,,,,,,,,,,,,,Western Generated Honeysuckle Station,
15480,Personal,honeysuckle_data_28112,AZ,33.380001,-112.07,WGS84,,352,legacy honeysuckle data from MS,,,,,,,,,,,,,,,,,,,Western Generated Honeysuckle Station,
15481,Personal,honeysuckle_data_28576,AZ,34.619999,-111.120003,WGS84,,2076,legacy honeysuckle data from MS,,,,,,,,,,,,,,,,,,,Western Generated Honeysuckle Station,
15483,Personal,honeysuckle_data_28796,AZ,32.279999,-110.949997,WGS84,,710,legacy honeysuckle data from MS,,,,,,,,,,,,,,,,,,,Western Generated Honeysuckle Station,
15485,Personal,honeysuckle_data_28865,AZ,31.57,-111.050003,WGS84,,994,legacy honeysuckle data from MS,,,,,,,,,,,,,,,,,,,Western Generated Honeysuckle Station,
15487,Personal,honeysuckle_data_29211,AZ,32.669998,-114.129997,WGS84,,79,legacy honeysuckle data from MS,,,,,,,,,,,,,,,,,,,Western Generated Honeysuckle Station,
15488,Personal,honeysuckle_data_29287,AZ,33.970001,-112.730003,WGS84,,639,legacy honeysuckle data from MS,,,,,,,,,,,,,,,,,,,Western Generated Honeysuckle Station,
15489,Personal,honeysuckle_data_29420,AZ,32.919998,-110.720001,WGS84,,633,legacy honeysuckle data from MS,,,,,,,,,,,,,,,,,,,Western Generated Honeysuckle Station,
15491,Personal,honeysuckle_data_29652,AZ,32.619999,-114.650002,WGS84,,58,legacy honeysuckle data from MS,,,,,,,,,,,,,,,,,,,Western Generated Honeysuckle Station,
15492,Personal,honeysuckle_data_29657,AZ,32.720001,-114.720001,WGS84,,37,legacy honeysuckle data from MS,,,,,,,,,,,,,,,,,,,Western Generated Honeysuckle Station,
15493,Personal,honeysuckle_data_40115,CA,34.32,-118.550003,WGS84,,722,legacy honeysuckle data from MS,,,,,,,,,,,,,,,,,,,Western Generated Honeysuckle Station,
15494,Personal,honeysuckle_data_40136,CA,32.830002,-116.769997,WGS84,,529,legacy honeysuckle data from MS,,,,,,,,,,,,,,,,,,,Western Generated Honeysuckle Station,
15495,Personal,honeysuckle_data_40235,CA,33.549999,-116.669998,WGS84,,1194,legacy honeysuckle data from MS,,,,,,,,,,,,,,,,,,,Western Generated Honeysuckle Station,
15496,Personal,honeysuckle_data_40379,CA,37.099998,-119.480003,WGS84,,612,legacy honeysuckle data from MS,,,,,,,,,,,,,,,,,,,Western Generated Honeysuckle Station,
15497,Personal,honeysuckle_data_40442,CA,35.419998,-119.050003,WGS84,,145,legacy honeysuckle data from MS,,,,,,,,,,,,,,,,,,,Western Generated Honeysuckle Station,
15502,Personal,honeysuckle_data_41076,CA,38.279999,-119.279999,WGS84,,2000,legacy honeysuckle data from MS,,,,,,,,,,,,,,,,,,,Western Generated Honeysuckle Station,
15503,Personal,honeysuckle_data_41250,CA,33.919998,-116.779999,WGS84,,553,legacy honeysuckle data from MS,,,,,,,,,,,,,,,,,,,Western Generated Honeysuckle Station,
15505,Personal,honeysuckle_data_41280,CA,38.200001,-120.370003,WGS84,,1019,legacy honeysuckle data from MS,,,,,,,,,,,,,,,,,,,Western Generated Honeysuckle Station,
15508,Personal,honeysuckle_data_41785,CA,39.549999,-122.400002,WGS84,,125,legacy honeysuckle data from MS,,,,,,,,,,,,,,,,,,,Western Generated Honeysuckle Station,
15509,Personal,honeysuckle_data_41806,CA,38.970001,-122.629997,WGS84,,415,legacy honeysuckle data from MS,,,,,,,,,,,,,,,,,,,Western Generated Honeysuckle Station,
15510,Personal,honeysuckle_data_41891,CA,39.950001,-121.720001,WGS84,,970,legacy honeysuckle data from MS,,,,,,,,,,,,,,,,,,,Western Generated Honeysuckle Station,
15511,Personal,honeysuckle_data_42084,CA,39.830002,-123.080002,WGS84,,462,legacy honeysuckle data from MS,,,,,,,,,,,,,,,,,,,Western Generated Honeysuckle Station,
15512,Personal,honeysuckle_data_42150,CA,41.77,-124.199997,WGS84,,15,legacy honeysuckle data from MS,,,,,,,,,,,,,,,,,,,Western Generated Honeysuckle Station,
15514,Personal,honeysuckle_data_42239,CA,32.98,-116.580002,WGS84,,1418,legacy honeysuckle data from MS,,,,,,,,,,,,,,,,,,,Western Generated Honeysuckle Station,
15515,Personal,honeysuckle_data_42290,CA,37.02,-122.199997,WGS84,,83,legacy honeysuckle data from MS,,,,,,,,,,,,,,,,,,,Western Generated Honeysuckle Station,
15517,Personal,honeysuckle_data_42362,CA,36.599998,-121.870003,WGS84,,14,legacy honeysuckle data from MS,,,,,,,,,,,,,,,,,,,Western Generated Honeysuckle Station,
15521,Personal,honeysuckle_data_43087,CA,40.369999,-120.32,WGS84,,1220,legacy honeysuckle data from MS,,,,,,,,,,,,,,,,,,,Western Generated Honeysuckle Station,
15522,Personal,honeysuckle_data_43113,CA,38.700001,-121.150002,WGS84,,107,legacy honeysuckle data from MS,,,,,,,,,,,,,,,,,,,Western Generated Honeysuckle Station,
15525,Personal,honeysuckle_data_43288,CA,33.880001,-117.919998,WGS84,,101,legacy honeysuckle data from MS,,,,,,,,,,,,,,,,,,,Western Generated Honeysuckle Station,
15526,Personal,honeysuckle_data_43320,CA,40.099998,-123.800003,WGS84,,104,legacy honeysuckle data from MS,,,,,,,,,,,,,,,,,,,Western Generated Honeysuckle Station,
15527,Personal,honeysuckle_data_43357,CA,41.869999,-123.970001,WGS84,,117,legacy honeysuckle data from MS,,,,,,,,,,,,,,,,,,,Western Generated Honeysuckle Station,
15529,Personal,honeysuckle_data_43614,CA,41.549999,-122.900002,WGS84,,859,legacy honeysuckle data from MS,,,,,,,,,,,,,,,,,,,Western Generated Honeysuckle Station,
15530,Personal,honeysuckle_data_43621,CA,40.130001,-120.93,WGS84,,1085,legacy honeysuckle data from MS,,,,,,,,,,,,,,,,,,,Western Generated Honeysuckle Station,
15533,Personal,honeysuckle_data_44278,CA,35.650002,-117.82,WGS84,,744,legacy honeysuckle data from MS,,,,,,,,,,,,,,,,,,,Western Generated Honeysuckle Station,
15535,Personal,honeysuckle_data_44389,CA,35.970001,-118.529999,WGS84,,1427,legacy honeysuckle data from MS,,,,,,,,,,,,,,,,,,,Western Generated Honeysuckle Station,
15536,Personal,honeysuckle_data_44488,CA,38.98,-122.830002,WGS84,,422,legacy honeysuckle data from MS,,,,,,,,,,,,,,,,,,,Western Generated Honeysuckle Station,
15537,Personal,honeysuckle_data_44500,CA,37.950001,-122.550003,WGS84,,27,legacy honeysuckle data from MS,,,,,,,,,,,,,,,,,,,Western Generated Honeysuckle Station,
15538,Personal,honeysuckle_data_44544,CA,40.68,-121.870003,WGS84,,807,legacy honeysuckle data from MS,,,,,,,,,,,,,,,,,,,Western Generated Honeysuckle Station,
15539,Personal,honeysuckle_data_44602,CA,40.869999,-123.949997,WGS84,,44,legacy honeysuckle data from MS,,,,,,,,,,,,,,,,,,,Western Generated Honeysuckle Station,
15542,Personal,honeysuckle_data_44711,CA,32.869999,-116.879997,WGS84,,136,legacy honeysuckle data from MS,,,,,,,,,,,,,,,,,,,Western Generated Honeysuckle Station,
15543,Personal,honeysuckle_data_44726,CA,33.169998,-117,WGS84,,457,legacy honeysuckle data from MS,,,,,,,,,,,,,,,,,,,Western Generated Honeysuckle Station,
15545,Personal,honeysuckle_data_44957,CA,36.18,-119.07,WGS84,,120,legacy honeysuckle data from MS,,,,,,,,,,,,,,,,,,,Western Generated Honeysuckle Station,
15546,Personal,honeysuckle_data_45064,CA,34.650002,-120.449997,WGS84,,29,legacy honeysuckle data from MS,,,,,,,,,,,,,,,,,,,Western Generated Honeysuckle Station,
15548,Personal,honeysuckle_data_45093,CA,41.200001,-121.199997,WGS84,,1274,legacy honeysuckle data from MS,,,,,,,,,,,,,,,,,,,Western Generated Honeysuckle Station,
15549,Personal,honeysuckle_data_45151,CA,35.619999,-119.68,WGS84,,87,legacy honeysuckle data from MS,,,,,,,,,,,,,,,,,,,Western Generated Honeysuckle Station,
15551,Personal,honeysuckle_data_45212,CA,34.099998,-117.330002,WGS84,,354,legacy honeysuckle data from MS,,,,,,,,,,,,,,,,,,,Western Generated Honeysuckle Station,
15553,Personal,honeysuckle_data_45233,CA,36.970001,-120.07,WGS84,,82,legacy honeysuckle data from MS,,,,,,,,,,,,,,,,,,,Western Generated Honeysuckle Station,
15555,Personal,honeysuckle_data_45385,CA,39.150002,-121.599998,WGS84,,20,legacy honeysuckle data from MS,,,,,,,,,,,,,,,,,,,Western Generated Honeysuckle Station,
15556,Personal,honeysuckle_data_45532,CA,37.299999,-120.480003,WGS84,,52,legacy honeysuckle data from MS,,,,,,,,,,,,,,,,,,,Western Generated Honeysuckle Station,
15558,Personal,honeysuckle_data_45679,CA,40.349998,-121.599998,WGS84,,1497,legacy honeysuckle data from MS,,,,,,,,,,,,,,,,,,,Western Generated Honeysuckle Station,
15559,Personal,honeysuckle_data_45741,CA,37.630001,-121,WGS84,,22,legacy honeysuckle data from MS,,,,,,,,,,,,,,,,,,,Western Generated Honeysuckle Station,
15560,Personal,honeysuckle_data_45795,CA,36.599998,-121.900002,WGS84,,117,legacy honeysuckle data from MS,,,,,,,,,,,,,,,,,,,Western Generated Honeysuckle Station,
15561,Personal,honeysuckle_data_45853,CA,37.130001,-121.650002,WGS84,,107,legacy honeysuckle data from MS,,,,,,,,,,,,,,,,,,,Western Generated Honeysuckle Station,
15562,Personal,honeysuckle_data_46136,CA,39.27,-121.019997,WGS84,,793,legacy honeysuckle data from MS,,,,,,,,,,,,,,,,,,,Western Generated Honeysuckle Station,
15563,Personal,honeysuckle_data_46164,CA,34.369999,-118.519997,WGS84,,409,legacy honeysuckle data from MS,,,,,,,,,,,,,,,,,,,Western Generated Honeysuckle Station,
15565,Personal,honeysuckle_data_46379,CA,33.220001,-117.349998,WGS84,,9,legacy honeysuckle data from MS,,,,,,,,,,,,,,,,,,,Western Generated Honeysuckle Station,
15568,Personal,honeysuckle_data_46699,CA,34.279999,-114.169998,WGS84,,225,legacy honeysuckle data from MS,,,,,,,,,,,,,,,,,,,Western Generated Honeysuckle Station,
15572,Personal,honeysuckle_data_47339,CA,37.48,-122.230003,WGS84,,9,legacy honeysuckle data from MS,,,,,,,,,,,,,,,,,,,Western Generated Honeysuckle Station,
15574,Personal,honeysuckle_data_47580,CA,40.82,-121.93,WGS84,,645,legacy honeysuckle data from MS,,,,,,,,,,,,,,,,,,,Western Generated Honeysuckle Station,
15575,Personal,honeysuckle_data_47661,CA,37.830002,-122.099998,WGS84,,190,legacy honeysuckle data from MS,,,,,,,,,,,,,,,,,,,Western Generated Honeysuckle Station,
15577,Personal,honeysuckle_data_47767,CA,37.77,-122.5,WGS84,,10,legacy honeysuckle data from MS,,,,,,,,,,,,,,,,,,,Western Generated Honeysuckle Station,
15578,Personal,honeysuckle_data_47813,CA,33.779999,-116.970001,WGS84,,476,legacy honeysuckle data from MS,,,,,,,,,,,,,,,,,,,Western Generated Honeysuckle Station,
15579,Personal,honeysuckle_data_47817,CA,37.099998,-119.730003,WGS84,,323,legacy honeysuckle data from MS,,,,,,,,,,,,,,,,,,,Western Generated Honeysuckle Station,
15581,Personal,honeysuckle_data_47897,CA,34.220001,-118.019997,WGS84,,691,legacy honeysuckle data from MS,,,,,,,,,,,,,,,,,,,Western Generated Honeysuckle Station,
15582,Personal,honeysuckle_data_47933,CA,35.369999,-120.629997,WGS84,,349,legacy honeysuckle data from MS,,,,,,,,,,,,,,,,,,,Western Generated Honeysuckle Station,
15583,Personal,honeysuckle_data_47950,CA,34.02,-118.480003,WGS84,,20,legacy honeysuckle data from MS,,,,,,,,,,,,,,,,,,,Western Generated Honeysuckle Station,
15585,Personal,honeysuckle_data_48479,CA,34.23,-117.230003,WGS84,,1732,legacy honeysuckle data from MS,,,,,,,,,,,,,,,,,,,Western Generated Honeysuckle Station,
15586,Personal,honeysuckle_data_48544,CA,39.900002,-121.529999,WGS84,,1073,legacy honeysuckle data from MS,,,,,,,,,,,,,,,,,,,Western Generated Honeysuckle Station,
15591,Personal,honeysuckle_data_49189,CA,36.630001,-121.029999,WGS84,,625,legacy honeysuckle data from MS,,,,,,,,,,,,,,,,,,,Western Generated Honeysuckle Station,
15592,Personal,honeysuckle_data_49251,CA,34.450001,-117.849998,WGS84,,1130,legacy honeysuckle data from MS,,,,,,,,,,,,,,,,,,,Western Generated Honeysuckle Station,
15593,Personal,honeysuckle_data_49378,CA,33.23,-117.230003,WGS84,,155,legacy honeysuckle data from MS,,,,,,,,,,,,,,,,,,,Western Generated Honeysuckle Station,
15594,Personal,honeysuckle_data_49390,CA,40.470001,-121.870003,WGS84,,671,legacy honeysuckle data from MS,,,,,,,,,,,,,,,,,,,Western Generated Honeysuckle Station,
15596,Personal,honeysuckle_data_49814,CA,37.130001,-121.949997,WGS84,,518,legacy honeysuckle data from MS,,,,,,,,,,,,,,,,,,,Western Generated Honeysuckle Station,
15597,Personal,honeysuckle_data_51017,CO,40.799999,-108.919998,WGS84,,1632,legacy honeysuckle data from MS,,,,,,,,,,,,,,,,,,,Western Generated Honeysuckle Station,
15599,Personal,honeysuckle_data_51660,CO,39.380001,-106.199997,WGS84,,3445,legacy honeysuckle data from MS,,,,,,,,,,,,,,,,,,,Western Generated Honeysuckle Station,
15601,Personal,honeysuckle_data_52281,CO,39.630001,-106.029999,WGS84,,2764,legacy honeysuckle data from MS,,,,,,,,,,,,,,,,,,,Western Generated Honeysuckle Station,
15603,Personal,honeysuckle_data_52814,CO,39.23,-106,WGS84,,3049,legacy honeysuckle data from MS,,,,,,,,,,,,,,,,,,,Western Generated Honeysuckle Station,
15604,Personal,honeysuckle_data_53005,CO,40.580002,-105.080002,WGS84,,1525,legacy honeysuckle data from MS,,,,,,,,,,,,,,,,,,,Western Generated Honeysuckle Station,
15606,Personal,honeysuckle_data_53500,CO,40.18,-105.870003,WGS84,,2527,legacy honeysuckle data from MS,,,,,,,,,,,,,,,,,,,Western Generated Honeysuckle Station,
15607,Personal,honeysuckle_data_53553,CO,40.419998,-104.699997,WGS84,,1419,legacy honeysuckle data from MS,,,,,,,,,,,,,,,,,,,Western Generated Honeysuckle Station,
15608,Personal,honeysuckle_data_53656,CO,38.68,-104.379997,WGS84,,2500,legacy honeysuckle data from MS,,,,,,,,,,,,,,,,,,,Western Generated Honeysuckle Station,
15610,Personal,honeysuckle_data_54397,CO,39.77,-105.849998,WGS84,,3148,legacy honeysuckle data from MS,,,,,,,,,,,,,,,,,,,Western Generated Honeysuckle Station,
15612,Personal,honeysuckle_data_55408,CO,40.029999,-107.519997,WGS84,,2239,legacy honeysuckle data from MS,,,,,,,,,,,,,,,,,,,Western Generated Honeysuckle Station,
15613,Personal,honeysuckle_data_55507,CO,39.369999,-106.75,WGS84,,2377,legacy honeysuckle data from MS,,,,,,,,,,,,,,,,,,,Western Generated Honeysuckle Station,
15614,Personal,honeysuckle_data_55762,CO,39.619999,-105.019997,WGS84,,1646,legacy honeysuckle data from MS,,,,,,,,,,,,,,,,,,,Western Generated Honeysuckle Station,
15615,Personal,honeysuckle_data_55990,CO,37.220001,-105.050003,WGS84,,2683,legacy honeysuckle data from MS,,,,,,,,,,,,,,,,,,,Western Generated Honeysuckle Station,
15616,Personal,honeysuckle_data_56299,CO,40.619999,-102.470001,WGS84,,1188,legacy honeysuckle data from MS,,,,,,,,,,,,,,,,,,,Western Generated Honeysuckle Station,
15617,Personal,honeysuckle_data_56315,CO,38.369999,-108.970001,WGS84,,1619,legacy honeysuckle data from MS,,,,,,,,,,,,,,,,,,,Western Generated Honeysuckle Station,
15618,Personal,honeysuckle_data_57017,CO,37.68,-108.029999,WGS84,,2696,legacy honeysuckle data from MS,,,,,,,,,,,,,,,,,,,Western Generated Honeysuckle Station,
15620,Personal,honeysuckle_data_57370,CO,38.529999,-106,WGS84,,2152,legacy honeysuckle data from MS,,,,,,,,,,,,,,,,,,,Western Generated Honeysuckle Station,
15621,Personal,honeysuckle_data_57510,CO,39.380001,-104.970001,WGS84,,1883,legacy honeysuckle data from MS,,,,,,,,,,,,,,,,,,,Western Generated Honeysuckle Station,
15622,Personal,honeysuckle_data_57519,CO,39.299999,-102.870003,WGS84,,1437,legacy honeysuckle data from MS,,,,,,,,,,,,,,,,,,,Western Generated Honeysuckle Station,
15624,Personal,honeysuckle_data_57862,CO,37.400002,-102.620003,WGS84,,1343,legacy honeysuckle data from MS,,,,,,,,,,,,,,,,,,,Western Generated Honeysuckle Station,
15625,Personal,honeysuckle_data_58742,CO,37.799999,-106.830002,WGS84,,2591,legacy honeysuckle data from MS,,,,,,,,,,,,,,,,,,,Western Generated Honeysuckle Station,
15627,Personal,honeysuckle_data_59096,CO,40.029999,-106.220001,WGS84,,2332,legacy honeysuckle data from MS,,,,,,,,,,,,,,,,,,,Western Generated Honeysuckle Station,
15628,Personal,honeysuckle_data_59275,CO,37.549999,-108.730003,WGS84,,2090,legacy honeysuckle data from MS,,,,,,,,,,,,,,,,,,,Western Generated Honeysuckle Station,
15988,Personal,honeysuckle_data_20174,AZ,33.73,-109.120003,WGS84,,2052,legacy honeysuckle data from MS,,,,,,,,,,,,,,,,,,,Western Generated Honeysuckle Station,
15990,Personal,honeysuckle_data_20487,AZ,35.220001,-112.480003,WGS84,,1564,legacy honeysuckle data from MS,,,,,,,,,,,,,,,,,,,Western Generated Honeysuckle Station,
15992,Personal,honeysuckle_data_20871,AZ,34.619999,-111.120003,WGS84,,2098,legacy honeysuckle data from MS,,,,,,,,,,,,,,,,,,,Western Generated Honeysuckle Station,
15994,Personal,honeysuckle_data_21330,AZ,32.32,-110.400002,WGS84,,959,legacy honeysuckle data from MS,,,,,,,,,,,,,,,,,,,Western Generated Honeysuckle Station,
15995,Personal,honeysuckle_data_23009,AZ,35.130001,-111.669998,WGS84,,2136,legacy honeysuckle data from MS,,,,,,,,,,,,,,,,,,,Western Generated Honeysuckle Station,
15996,Personal,honeysuckle_data_23027,AZ,33.029999,-111.379997,WGS84,,459,legacy honeysuckle data from MS,,,,,,,,,,,,,,,,,,,Western Generated Honeysuckle Station,
15997,Personal,honeysuckle_data_23120,AZ,31.57,-110.330002,WGS84,,1422,legacy honeysuckle data from MS,,,,,,,,,,,,,,,,,,,Western Generated Honeysuckle Station,
15998,Personal,honeysuckle_data_23596,AZ,36.049999,-112.150002,WGS84,,2069,legacy honeysuckle data from MS,,,,,,,,,,,,,,,,,,,Western Generated Honeysuckle Station,
16002,Personal,honeysuckle_data_25325,AZ,34.43,-112.25,WGS84,,1415,legacy honeysuckle data from MS,,,,,,,,,,,,,,,,,,,Western Generated Honeysuckle Station,
16003,Personal,honeysuckle_data_25344,AZ,34.380001,-112.230003,WGS84,,1323,legacy honeysuckle data from MS,,,,,,,,,,,,,,,,,,,Western Generated Honeysuckle Station,
16004,Personal,honeysuckle_data_25418,AZ,31.6,-109.57,WGS84,,1271,legacy honeysuckle data from MS,,,,,,,,,,,,,,,,,,,Western Generated Honeysuckle Station,
16005,Personal,honeysuckle_data_26601,AZ,34.119999,-109.919998,WGS84,,2195,legacy honeysuckle data from MS,,,,,,,,,,,,,,,,,,,Western Generated Honeysuckle Station,
16006,Personal,honeysuckle_data_26653,AZ,34.099998,-110.93,WGS84,,1578,legacy honeysuckle data from MS,,,,,,,,,,,,,,,,,,,Western Generated Honeysuckle Station,
16008,Personal,honeysuckle_data_27661,AZ,33.470001,-111.879997,WGS84,,366,legacy honeysuckle data from MS,,,,,,,,,,,,,,,,,,,Western Generated Honeysuckle Station,
16009,Personal,honeysuckle_data_27720,AZ,35.130001,-112.919998,WGS84,,1598,legacy honeysuckle data from MS,,,,,,,,,,,,,,,,,,,Western Generated Honeysuckle Station,
16011,Personal,honeysuckle_data_40422,CA,36.630001,-119.019997,WGS84,,924,legacy honeysuckle data from MS,,,,,,,,,,,,,,,,,,,Western Generated Honeysuckle Station,
16012,Personal,honeysuckle_data_40684,CA,37.849998,-118.480003,WGS84,,1665,legacy honeysuckle data from MS,,,,,,,,,,,,,,,,,,,Western Generated Honeysuckle Station,
16013,Personal,honeysuckle_data_40731,CA,41.119999,-121.129997,WGS84,,1258,legacy honeysuckle data from MS,,,,,,,,,,,,,,,,,,,Western Generated Honeysuckle Station,
16014,Personal,honeysuckle_data_40897,CA,39.279999,-120.699997,WGS84,,1610,legacy honeysuckle data from MS,,,,,,,,,,,,,,,,,,,Western Generated Honeysuckle Station,
16015,Personal,honeysuckle_data_41316,CA,41.32,-122.800003,WGS84,,971,legacy honeysuckle data from MS,,,,,,,,,,,,,,,,,,,Western Generated Honeysuckle Station,
16017,Personal,honeysuckle_data_42327,CA,33.650002,-116.379997,WGS84,,366,legacy honeysuckle data from MS,,,,,,,,,,,,,,,,,,,Western Generated Honeysuckle Station,
16018,Personal,honeysuckle_data_43578,CA,38.43,-122.870003,WGS84,,61,legacy honeysuckle data from MS,,,,,,,,,,,,,,,,,,,Western Generated Honeysuckle Station,
16020,Personal,honeysuckle_data_44074,CA,40.23,-124.129997,WGS84,,113,legacy honeysuckle data from MS,,,,,,,,,,,,,,,,,,,Western Generated Honeysuckle Station,
16021,Personal,honeysuckle_data_45114,CA,33.93,-118.379997,WGS84,,30,legacy honeysuckle data from MS,,,,,,,,,,,,,,,,,,,Western Generated Honeysuckle Station,
16023,Personal,honeysuckle_data_46761,CA,40.330002,-121.900002,WGS84,,561,legacy honeysuckle data from MS,,,,,,,,,,,,,,,,,,,Western Generated Honeysuckle Station,
16024,Personal,honeysuckle_data_47231,CA,33.07,-116.849998,WGS84,,451,legacy honeysuckle data from MS,,,,,,,,,,,,,,,,,,,Western Generated Honeysuckle Station,
16025,Personal,honeysuckle_data_47404,CA,40.029999,-123.779999,WGS84,,152,legacy honeysuckle data from MS,,,,,,,,,,,,,,,,,,,Western Generated Honeysuckle Station,
16026,Personal,honeysuckle_data_47641,CA,39.43,-120.230003,WGS84,,1932,legacy honeysuckle data from MS,,,,,,,,,,,,,,,,,,,Western Generated Honeysuckle Station,
16027,Personal,honeysuckle_data_47668,CA,36.669998,-121.599998,WGS84,,26,legacy honeysuckle data from MS,,,,,,,,,,,,,,,,,,,Western Generated Honeysuckle Station,
16029,Personal,honeysuckle_data_48045,CA,40.48,-124.099998,WGS84,,42,legacy honeysuckle data from MS,,,,,,,,,,,,,,,,,,,Western Generated Honeysuckle Station,
16030,Personal,honeysuckle_data_48175,CA,40.5,-121.849998,WGS84,,1084,legacy honeysuckle data from MS,,,,,,,,,,,,,,,,,,,Western Generated Honeysuckle Station,
16031,Personal,honeysuckle_data_48355,CA,38.27,-119.220001,WGS84,,1973,legacy honeysuckle data from MS,,,,,,,,,,,,,,,,,,,Western Generated Honeysuckle Station,
16032,Personal,honeysuckle_data_50884,CO,38.919998,-103.279999,WGS84,,1445,legacy honeysuckle data from MS,,,,,,,,,,,,,,,,,,,Western Generated Honeysuckle Station,
16033,Personal,honeysuckle_data_51121,CO,39.32,-102.269997,WGS84,,1270,legacy honeysuckle data from MS,,,,,,,,,,,,,,,,,,,Western Generated Honeysuckle Station,
16034,Personal,honeysuckle_data_53951,CO,37.77,-107.129997,WGS84,,2744,legacy honeysuckle data from MS,,,,,,,,,,,,,,,,,,,Western Generated Honeysuckle Station,
16035,Personal,honeysuckle_data_54082,CO,40.580002,-102.300003,WGS84,,1137,legacy honeysuckle data from MS,,,,,,,,,,,,,,,,,,,Western Generated Honeysuckle Station,
16036,Personal,honeysuckle_data_54250,CO,37.130001,-107.629997,WGS84,,1970,legacy honeysuckle data from MS,,,,,,,,,,,,,,,,,,,Western Generated Honeysuckle Station,
16037,Personal,honeysuckle_data_55056,CO,39.619999,-105.019997,WGS84,,1619,legacy honeysuckle data from MS,,,,,,,,,,,,,,,,,,,Western Generated Honeysuckle Station,
16038,Personal,honeysuckle_data_56318,CO,38.380001,-108.980003,WGS84,,1686,legacy honeysuckle data from MS,,,,,,,,,,,,,,,,,,,Western Generated Honeysuckle Station,
16039,Personal,honeysuckle_data_56767,CO,38.18,-104.650002,WGS84,,1414,legacy honeysuckle data from MS,,,,,,,,,,,,,,,,,,,Western Generated Honeysuckle Station,
17911,Personal,ADF_Data-1,AR,33.869007,-93.533821,WGS84,,396,Auto-USGS-WebService,,,,,,,,,,,,,,,,,,,,
17914,Personal,ADF_Data-4,AR,34.786446,-92.255386,WGS84,,363,Auto-USGS-WebService,,,,,,,,,,,,,,,,,,,,
17929,Personal,ADF_Data-19,AR,35.718784,-94.138969,WGS84,,1689,Auto-USGS-WebService,,,,,,,,,,,,,,,,,,,,
17942,Personal,ADF_Data-32,AR,36.139706,-94.104111,WGS84,,1319,Auto-USGS-WebService,,,,,,,,,,,,,,,,,,,,
17943,Personal,ADF_Data-33,AR,36.272266,-90.979546,WGS84,,360,Auto-USGS-WebService,,,,,,,,,,,,,,,,,,,,
18056,Personal,ADF_Data-146,CT,41.532436,-72.934029,WGS84,,232,Auto-USGS-WebService,,,,,,,,,,,,,,,,,,,,
18058,Personal,ADF_Data-148,CT,41.541645,-73.246613,WGS84,,753,Auto-USGS-WebService,,,,,,,,,,,,,,,,,,,,
18062,Personal,ADF_Data-152,CT,41.781792,-72.513824,WGS84,,243,Auto-USGS-WebService,,,,,,,,,,,,,,,,,,,,
18068,Personal,ADF_Data-158,CT,41.911221,-72.633461,WGS84,,87,Auto-USGS-WebService,,,,,,,,,,,,,,,,,,,,
